Team,No.,Space,Action,Erros,Attempts,Score
IRI,2,11,6,0.0,0.0,0.0
IRI,22,1,2,0.0,0.0,1.0
IRI,2,11,6,0.0,0.0,0.0
IRI,2,8,3,1.0,0.0,0.0
IRI,8,8,8,0.0,0.0,0.0
IRI,18,2,5,0.0,0.0,0.0
IRI,5,2,1,0.0,0.0,0.0
IRI,17,3,2,1.0,0.0,0.0
IRI,22,7,8,0.0,0.0,0.0
IRI,18,5,5,0.0,0.0,0.0
IRI,22,1,1,0.0,0.0,0.0
IRI,17,3,2,0.0,0.0,0.0
IRI,2,13,8,0.0,0.0,0.0
IRI,18,5,5,0.0,0.0,0.0
IRI,17,3,1,0.0,0.0,1.0
IRI,5,11,6,1.0,0.0,0.0
IRI,22,1,2,0.0,0.0,1.0
IRI,5,11,6,0.0,0.0,0.0
IRI,2,8,8,0.0,0.0,0.0
IRI,19,1,5,0.0,0.0,0.0
IRI,17,3,1,1.0,0.0,0.0
IRI,17,12,6,0.0,0.0,0.0
IRI,1,3,2,0.0,0.0,0.0
IRI,18,1,3,1.0,0.0,0.0
IRI,22,7,8,0.0,0.0,0.0
IRI,18,6,5,0.0,0.0,0.0
IRI,17,3,1,0.0,0.0,1.0
IRI,22,11,6,1.0,0.0,0.0
IRI,22,6,8,0.0,0.0,0.0
IRI,18,2,5,0.0,0.0,0.0
IRI,17,3,1,0.0,0.0,1.0
IRI,1,11,4,0.0,0.0,0.0
IRI,5,2,2,0.0,0.0,0.0
IRI,18,3,2,1.0,0.0,0.0
IRI,22,5,8,0.0,1.0,0.0
IRI,18,2,5,0.0,1.0,0.0
IRI,22,2,1,1.0,0.0,0.0
IRI,8,5,8,0.0,1.0,0.0
IRI,18,2,5,0.0,0.0,0.0
IRI,5,2,1,1.0,0.0,0.0
IRI,22,8,8,0.0,0.0,0.0
IRI,18,2,5,0.0,0.0,0.0
IRI,2,1,1,0.0,0.0,1.0
IRI,18,10,4,0.0,0.0,0.0
IRI,22,8,3,0.0,0.0,0.0
IRI,18,13,3,0.0,0.0,0.0
IRI,2,1,1,0.0,0.0,0.0
IRI,17,2,2,1.0,0.0,0.0
IRI,5,5,8,0.0,0.0,0.0
IRI,2,6,5,1.0,0.0,0.0
IRI,17,4,8,0.0,0.0,0.0
IRI,1,2,5,0.0,0.0,0.0
IRI,2,3,1,0.0,0.0,0.0
IRI,2,3,2,0.0,0.0,0.0
IRI,2,11,6,0.0,0.0,0.0
IRI,2,11,6,0.0,0.0,0.0
IRI,2,8,3,0.0,0.0,0.0
IRI,17,3,5,0.0,0.0,0.0
IRI,22,1,1,1.0,0.0,0.0
IRI,8,8,8,0.0,0.0,0.0
IRI,18,3,5,0.0,0.0,0.0
IRI,17,3,1,0.0,0.0,0.0
IRI,18,3,3,0.0,0.0,0.0
IRI,17,13,3,0.0,0.0,0.0
IRI,18,3,3,0.0,0.0,0.0
IRI,5,2,2,0.0,0.0,0.0
IRI,18,5,3,0.0,0.0,0.0
IRI,2,5,5,0.0,0.0,0.0
IRI,17,3,1,0.0,0.0,1.0
IRI,5,11,6,0.0,0.0,0.0
IRI,18,6,3,0.0,0.0,0.0
IRI,2,7,3,0.0,0.0,0.0
IRI,17,3,1,0.0,0.0,1.0
IRI,5,11,6,1.0,0.0,0.0
IRI,17,12,6,0.0,0.0,0.0
IRI,18,3,2,1.0,0.0,0.0
IRI,22,7,8,0.0,0.0,0.0
IRI,18,1,5,0.0,1.0,0.0
IRI,17,3,1,0.0,0.0,1.0
IRI,22,11,6,0.0,0.0,0.0
IRI,1,1,2,0.0,0.0,0.0
IRI,22,8,3,0.0,0.0,0.0
IRI,18,13,5,0.0,0.0,0.0
IRI,2,1,3,0.0,0.0,0.0
IRI,17,3,3,1.0,0.0,0.0
IRI,1,11,4,0.0,0.0,0.0
IRI,1,7,3,1.0,0.0,0.0
IRI,22,8,8,0.0,0.0,0.0
IRI,8,6,5,0.0,0.0,0.0
IRI,2,1,1,0.0,0.0,0.0
IRI,18,2,3,0.0,0.0,0.0
IRI,8,1,3,1.0,0.0,0.0
IRI,1,4,8,0.0,1.0,0.0
IRI,18,2,5,0.0,1.0,0.0
IRI,17,3,1,0.0,0.0,1.0
IRI,18,10,4,0.0,0.0,0.0
IRI,5,1,2,1.0,0.0,0.0
IRI,8,8,8,0.0,0.0,0.0
IRI,17,5,5,0.0,0.0,0.0
IRI,2,3,1,0.0,0.0,0.0
IRI,2,3,1,0.0,0.0,0.0
IRI,2,3,2,1.0,0.0,0.0
IRI,2,11,6,1.0,0.0,0.0
IRI,8,8,8,1.0,0.0,0.0
IRI,18,1,8,1.0,0.0,0.0
IRI,18,1,8,0.0,0.0,0.0
IRI,8,8,5,0.0,0.0,0.0
IRI,17,3,1,0.0,0.0,1.0
IRI,5,11,6,0.0,0.0,1.0
IRI,5,11,6,0.0,0.0,1.0
IRI,5,11,6,0.0,0.0,0.0
IRI,1,3,2,1.0,0.0,0.0
IRI,2,8,8,0.0,1.0,0.0
IRI,1,8,5,0.0,1.0,0.0
IRI,17,3,1,0.0,0.0,1.0
IRI,17,12,6,0.0,0.0,0.0
IRI,8,7,3,1.0,0.0,0.0
IRI,22,11,6,0.0,0.0,0.0
IRI,22,5,3,1.0,0.0,0.0
IRI,22,7,8,0.0,0.0,0.0
IRI,18,5,5,0.0,0.0,0.0
IRI,22,1,1,0.0,0.0,0.0
IRI,18,5,3,0.0,0.0,0.0
IRI,2,2,5,0.0,0.0,0.0
IRI,17,3,1,0.0,0.0,0.0
IRI,18,2,3,0.0,0.0,0.0
IRI,8,5,5,0.0,0.0,0.0
IRI,22,1,1,0.0,0.0,0.0
IRI,8,4,3,1.0,0.0,0.0
IRI,22,7,8,1.0,0.0,0.0
IRI,1,11,4,0.0,0.0,0.0
IRI,17,3,3,0.0,1.0,0.0
IRI,18,2,5,0.0,0.0,0.0
IRI,22,1,1,1.0,0.0,0.0
IRI,22,7,8,0.0,0.0,0.0
IRI,18,1,5,0.0,0.0,0.0
IRI,17,3,1,1.0,0.0,0.0
IRI,2,8,8,0.0,1.0,0.0
IRI,18,3,5,0.0,1.0,0.0
IRI,22,1,1,0.0,0.0,1.0
IRI,17,12,6,0.0,0.0,0.0
IRI,22,1,2,0.0,0.0,1.0
IRI,17,12,6,0.0,0.0,0.0
IRI,18,3,2,1.0,0.0,0.0
IRI,2,8,8,0.0,1.0,0.0
IRI,18,2,5,0.0,1.0,0.0
IRI,22,0,1,0.0,0.0,0.0
IRI,18,3,2,0.0,0.0,0.0
IRI,17,6,3,0.0,0.0,0.0
IRI,18,2,5,0.0,0.0,0.0
IRI,17,3,1,0.0,0.0,1.0
IRI,22,11,6,0.0,0.0,0.0
IRI,2,1,2,1.0,0.0,0.0
IRI,8,8,8,0.0,0.0,0.0
IRI,18,2,5,0.0,1.0,0.0
IRI,2,1,1,0.0,0.0,1.0
IRI,5,10,6,0.0,0.0,0.0
IRI,22,8,3,1.0,0.0,0.0
IRI,1,5,8,0.0,1.0,0.0
IRI,18,2,5,0.0,1.0,0.0
IRI,22,2,1,0.0,0.0,1.0
IRI,18,12,4,0.0,0.0,0.0
IRI,8,4,3,1.0,0.0,0.0
IRI,8,8,8,0.0,0.0,0.0
IRI,18,2,5,0.0,1.0,0.0
IRI,1,2,1,0.0,0.0,1.0
IRI,2,11,6,1.0,0.0,0.0
IRI,22,7,8,0.0,0.0,0.0
IRI,18,6,5,0.0,0.0,0.0
IRI,17,3,1,0.0,0.0,1.0
IRI,1,11,4,1.0,0.0,0.0
IRI,17,12,6,0.0,0.0,0.0
IRI,2,9,3,0.0,0.0,0.0
IRI,18,1,5,0.0,0.0,0.0
IRI,17,3,1,0.0,0.0,1.0
IRI,17,12,6,0.0,0.0,0.0
IRI,8,5,3,0.0,1.0,0.0
IRI,18,2,5,0.0,1.0,0.0
IRI,22,1,1,0.0,0.0,1.0
IRI,17,12,6,0.0,0.0,0.0
IRI,22,3,2,0.0,0.0,0.0
IRI,2,13,3,0.0,0.0,0.0
IRI,8,5,5,0.0,0.0,0.0
IRI,17,3,1,1.0,0.0,0.0
IRI,2,8,8,0.0,1.0,0.0
IRI,18,2,5,0.0,0.0,0.0
IRI,22,1,1,0.0,0.0,1.0
IRI,22,11,6,0.0,0.0,0.0
IRI,2,4,3,1.0,0.0,0.0
IRI,8,8,8,0.0,0.0,0.0
IRI,22,8,5,0.0,0.0,0.0
IRI,2,1,1,1.0,0.0,0.0
IRI,8,8,8,0.0,0.0,0.0
IRI,2,13,3,0.0,0.0,0.0
IRI,17,6,1,1.0,0.0,0.0
IRI,8,8,8,0.0,0.0,0.0
IRI,18,3,5,0.0,0.0,0.0
IRI,5,2,1,0.0,0.0,0.0
IRI,22,9,3,1.0,0.0,0.0
IRI,8,8,8,0.0,1.0,0.0
IRI,12,8,5,0.0,1.0,0.0
IRI,5,2,1,0.0,0.0,1.0
IRI,5,10,6,0.0,0.0,0.0
IRI,18,3,2,1.0,0.0,0.0
IRI,22,8,8,0.0,0.0,0.0
IRI,18,2,5,0.0,0.0,0.0
IRI,17,3,1,0.0,0.0,0.0
IRI,18,3,3,0.0,0.0,0.0
IRI,8,2,5,0.0,0.0,0.0
IRI,2,1,1,0.0,0.0,0.0
IRI,8,1,3,0.0,1.0,0.0
IRI,18,2,5,0.0,1.0,0.0
IRI,2,1,1,0.0,0.0,1.0
IRI,18,12,4,0.0,0.0,0.0
IRI,1,2,2,0.0,0.0,1.0
IRI,18,12,4,0.0,0.0,0.0
IRI,1,2,2,0.0,0.0,0.0
IRI,2,1,3,0.0,0.0,0.0
IRI,17,3,1,0.0,0.0,1.0
IRI,18,12,4,0.0,0.0,0.0
IRI,18,6,3,1.0,0.0,0.0
IRI,2,9,8,0.0,0.0,0.0
IRI,18,5,5,0.0,0.0,0.0
IRI,2,3,1,1.0,0.0,0.0
IRI,2,5,8,0.0,0.0,0.0
IRI,8,9,3,0.0,0.0,0.0
IRI,17,1,1,0.0,0.0,1.0
IRI,2,11,6,0.0,0.0,0.0
IRI,22,1,2,0.0,0.0,0.0
IRI,2,9,3,0.0,0.0,0.0
IRI,8,4,5,0.0,0.0,0.0
IRI,17,3,1,0.0,0.0,0.0
IRI,22,1,3,0.0,0.0,0.0
IRI,18,3,5,0.0,0.0,0.0
IRI,22,1,1,0.0,0.0,1.0
IRI,2,11,6,0.0,0.0,0.0
IRI,8,4,3,0.0,1.0,0.0
IRI,18,2,5,0.0,1.0,0.0
IRI,1,2,1,0.0,0.0,1.0
IRI,2,11,6,1.0,0.0,0.0
IRI,22,7,8,0.0,1.0,0.0
IRI,18,2,5,0.0,1.0,0.0
IRI,17,3,1,0.0,0.0,1.0
IRI,49,11,6,0.0,0.0,0.0
IRI,49,7,3,1.0,0.0,0.0
IRI,17,12,6,1.0,0.0,0.0
IRI,2,8,8,0.0,1.0,0.0
IRI,18,2,5,0.0,0.0,0.0
IRI,17,3,1,0.0,0.0,1.0
IRI,18,3,2,0.0,0.0,0.0
IRI,5,5,3,0.0,0.0,0.0
IRI,18,5,5,0.0,0.0,0.0
IRI,17,3,1,0.0,0.0,0.0
IRI,22,11,6,0.0,0.0,0.0
IRI,8,5,3,0.0,0.0,0.0
IRI,22,8,3,1.0,0.0,0.0
IRI,22,8,3,0.0,0.0,0.0
IRI,5,10,6,0.0,0.0,0.0
IRI,18,3,2,0.0,0.0,0.0
IRI,18,13,3,0.0,0.0,0.0
IRI,1,13,5,0.0,0.0,0.0
IRI,17,3,1,1.0,0.0,0.0
IRI,18,12,4,0.0,0.0,0.0
IRI,22,9,3,1.0,0.0,0.0
IRI,2,11,6,0.0,0.0,1.0
IRI,2,11,6,1.0,0.0,0.0
IRI,1,11,4,0.0,0.0,0.0
IRI,17,3,2,1.0,0.0,0.0
IRI,2,8,8,1.0,0.0,0.0
IRI,17,12,6,0.0,0.0,0.0
IRI,22,4,3,1.0,0.0,0.0
IRI,22,7,8,0.0,0.0,0.0
IRI,5,13,5,0.0,0.0,0.0
IRI,22,1,1,0.0,0.0,0.0
IRI,2,5,3,0.0,0.0,0.0
IRI,18,2,5,0.0,0.0,0.0
IRI,22,1,1,0.0,0.0,0.0
IRI,22,2,3,0.0,0.0,0.0
IRI,18,3,5,0.0,0.0,0.0
IRI,22,1,1,0.0,0.0,0.0
IRI,17,6,3,0.0,0.0,0.0
IRI,18,5,5,0.0,0.0,0.0
IRI,17,3,1,0.0,0.0,0.0
IRI,2,8,3,1.0,0.0,0.0
IRI,2,8,8,0.0,1.0,0.0
IRI,18,2,5,0.0,1.0,0.0
IRI,22,1,1,0.0,0.0,1.0
IRI,22,11,6,0.0,0.0,0.0
IRI,22,11,6,0.0,0.0,0.0
IRI,22,11,6,0.0,0.0,1.0
IRI,22,11,6,0.0,0.0,0.0
IRI,17,6,3,1.0,0.0,0.0
IRI,8,8,8,0.0,0.0,0.0
IRI,18,2,5,0.0,0.0,0.0
IRI,2,1,1,0.0,0.0,1.0
IRI,5,11,6,0.0,0.0,0.0
IRI,1,1,2,1.0,0.0,0.0
IRI,22,8,8,0.0,0.0,0.0
IRI,18,5,5,0.0,0.0,0.0
IRI,17,3,3,0.0,0.0,0.0
IRI,17,9,3,0.0,0.0,0.0
IRI,2,3,2,1.0,0.0,0.0
IRI,18,12,4,0.0,0.0,0.0
IRI,1,2,2,0.0,0.0,0.0
IRI,18,6,3,0.0,0.0,0.0
IRI,2,1,1,0.0,0.0,1.0
IRI,18,12,4,0.0,0.0,0.0
IRI,17,3,2,0.0,0.0,0.0
IRI,22,4,4,0.0,0.0,0.0
IRI,18,5,5,0.0,0.0,0.0
IRI,17,3,1,0.0,0.0,1.0
IRI,18,12,4,0.0,0.0,0.0
IRI,8,4,3,1.0,0.0,0.0
IRI,22,4,8,0.0,0.0,0.0
IRI,18,3,5,0.0,0.0,0.0
IRI,2,3,1,0.0,0.0,1.0
IRI,2,11,6,1.0,0.0,0.0
IRI,22,4,8,0.0,1.0,0.0
IRI,18,2,5,0.0,1.0,0.0
IRI,1,2,1,0.0,0.0,0.0
IRI,1,2,2,1.0,0.0,0.0
IRI,22,4,8,0.0,1.0,0.0
IRI,18,2,5,0.0,0.0,0.0
IRI,17,3,1,0.0,0.0,0.0
IRI,22,1,2,0.0,0.0,0.0
IRI,8,7,3,0.0,0.0,0.0
IRI,2,9,3,0.0,0.0,0.0
IRI,2,2,1,0.0,0.0,0.0
IRI,8,5,3,1.0,0.0,0.0
IRI,22,4,8,0.0,0.0,0.0
IRI,18,3,5,0.0,1.0,0.0
IRI,1,1,1,0.0,0.0,1.0
IRI,1,11,4,0.0,0.0,0.0
IRI,1,3,2,0.0,0.0,0.0
IRI,17,3,3,0.0,0.0,0.0
IRI,1,1,5,0.0,0.0,0.0
IRI,22,1,1,1.0,0.0,0.0
IRI,2,8,8,0.0,0.0,0.0
IRI,18,1,5,0.0,0.0,0.0
IRI,17,1,1,0.0,0.0,1.0
IRI,17,12,6,1.0,0.0,0.0
IRI,2,7,8,0.0,0.0,0.0
IRI,8,7,5,0.0,0.0,0.0
IRI,17,3,1,0.0,0.0,0.0
IRI,2,5,3,0.0,1.0,0.0
IRI,18,2,5,0.0,0.0,0.0
IRI,22,1,1,0.0,0.0,0.0
IRI,2,1,3,0.0,0.0,0.0
IRI,8,7,5,0.0,0.0,0.0
IRI,22,1,1,0.0,0.0,0.0
IRI,2,8,3,0.0,0.0,0.0
IRI,8,7,5,0.0,0.0,0.0
IRI,22,1,3,0.0,0.0,0.0
IRI,22,11,6,1.0,0.0,0.0
IRI,22,9,8,1.0,0.0,0.0
IRI,19,9,8,0.0,0.0,0.0
IRI,18,5,5,0.0,0.0,0.0
IRI,17,1,1,1.0,0.0,0.0
IRI,8,8,8,0.0,1.0,0.0
IRI,18,2,5,0.0,0.0,0.0
IRI,5,2,1,0.0,0.0,0.0
IRI,8,9,3,1.0,0.0,0.0
IRI,2,7,8,0.0,0.0,0.0
IRI,18,1,5,0.0,0.0,0.0
IRI,2,1,1,0.0,0.0,0.0
IRI,2,1,2,1.0,0.0,0.0
IRI,19,6,8,0.0,1.0,0.0
IRI,25,2,1,0.0,0.0,0.0
IRI,2,1,3,0.0,0.0,0.0
IRI,25,2,5,0.0,0.0,0.0
IRI,2,1,1,1.0,0.0,0.0
IRI,19,5,8,0.0,1.0,0.0
IRI,25,2,5,0.0,0.0,0.0
IRI,21,2,1,0.0,0.0,1.0
IRI,21,12,4,0.0,0.0,0.0
IRI,21,7,3,1.0,0.0,0.0
IRI,19,5,8,0.0,1.0,0.0
IRI,25,2,5,0.0,0.0,0.0
IRI,19,2,1,0.0,0.0,1.0
IRI,25,11,4,0.0,0.0,0.0
IRI,19,8,3,1.0,0.0,0.0
IRI,2,9,8,0.0,0.0,0.0
IRI,8,13,3,0.0,0.0,0.0
IRI,23,4,3,0.0,0.0,0.0
IRI,19,4,3,0.0,0.0,0.0
IRI,23,13,5,0.0,0.0,0.0
IRI,2,3,1,1.0,0.0,0.0
IRI,49,11,6,1.0,0.0,0.0
IRI,8,5,8,0.0,1.0,0.0
IRI,25,2,5,0.0,0.0,0.0
IRI,1,2,1,0.0,0.0,1.0
IRI,1,11,4,1.0,0.0,0.0
IRI,8,8,8,0.0,1.0,0.0
IRI,18,2,5,0.0,0.0,0.0
IRI,17,3,1,0.0,0.0,0.0
IRI,1,11,4,0.0,0.0,0.0
IRI,2,2,1,0.0,0.0,1.0
IRI,2,10,4,0.0,0.0,0.0
IRI,22,1,1,0.0,0.0,1.0
IRI,1,10,4,0.0,0.0,0.0
IRI,18,5,3,1.0,0.0,0.0
IRI,17,12,6,0.0,0.0,0.0
IRI,2,8,3,1.0,0.0,0.0
IRI,5,5,8,0.0,0.0,0.0
IRI,18,2,5,0.0,1.0,0.0
IRI,22,1,1,0.0,0.0,1.0
IRI,22,11,6,0.0,0.0,0.0
IRI,2,2,2,0.0,0.0,0.0
IRI,17,6,3,0.0,0.0,0.0
IRI,8,13,3,0.0,0.0,0.0
IRI,17,9,3,0.0,0.0,0.0
IRI,2,1,2,0.0,0.0,1.0
IRI,22,11,6,1.0,0.0,0.0
IRI,22,8,8,0.0,0.0,0.0
IRI,18,1,5,0.0,0.0,0.0
IRI,2,1,1,0.0,0.0,1.0
IRI,5,10,6,1.0,0.0,0.0
IRI,8,8,8,0.0,0.0,0.0
IRI,18,3,5,0.0,0.0,0.0
IRI,1,3,1,0.0,0.0,1.0
IRI,18,12,4,0.0,0.0,0.0
IRI,17,3,2,0.0,0.0,1.0
IRI,18,12,4,0.0,0.0,0.0
IRI,17,3,2,0.0,0.0,0.0
IRI,8,8,3,0.0,1.0,0.0
IRI,18,2,5,0.0,1.0,0.0
IRI,2,1,1,0.0,0.0,1.0
IRI,18,12,4,0.0,0.0,0.0
IRI,2,1,2,0.0,0.0,0.0
IRI,22,13,3,0.0,0.0,0.0
IRI,18,3,5,0.0,0.0,0.0
IRI,17,3,1,0.0,0.0,1.0
IRI,18,12,4,0.0,0.0,0.0
IRI,2,2,2,0.0,0.0,1.0
IRI,18,12,4,1.0,0.0,0.0
IRI,8,5,8,0.0,0.0,0.0
IRI,18,2,5,0.0,0.0,0.0
IRI,1,2,1,1.0,0.0,0.0
IRI,8,7,8,0.0,1.0,0.0
IRI,18,2,5,0.0,1.0,0.0
IRI,17,1,1,0.0,0.0,0.0
IRI,18,6,8,0.0,0.0,0.0
IRI,8,5,5,0.0,0.0,0.0
IRI,2,3,1,0.0,0.0,0.0
IRI,1,2,3,0.0,0.0,0.0
IRI,18,3,5,0.0,0.0,0.0
IRI,2,3,1,0.0,0.0,1.0
IRI,2,11,6,0.0,0.0,0.0
IRI,2,9,3,1.0,0.0,0.0
IRI,1,10,4,0.0,0.0,0.0
POL,14,8,8,0.0,0.0,0.0
POL,19,2,5,0.0,0.0,0.0
POL,6,3,1,1.0,0.0,0.0
POL,14,7,8,0.0,0.0,0.0
POL,19,1,5,0.0,0.0,0.0
POL,6,3,1,0.0,0.0,1.0
POL,15,11,6,0.0,0.0,0.0
POL,19,5,3,0.0,0.0,0.0
POL,14,4,5,0.0,0.0,0.0
POL,16,1,1,0.0,0.0,1.0
POL,15,11,6,0.0,0.0,0.0
POL,15,4,3,0.0,0.0,0.0
POL,19,5,5,0.0,0.0,0.0
POL,16,1,1,0.0,0.0,0.0
POL,16,1,2,0.0,0.0,0.0
POL,14,8,3,1.0,0.0,0.0
POL,14,7,8,0.0,1.0,0.0
POL,19,2,5,0.0,1.0,0.0
POL,6,3,1,0.0,0.0,0.0
POL,14,5,3,1.0,0.0,0.0
POL,6,11,6,0.0,0.0,0.0
POL,6,11,6,1.0,0.0,0.0
POL,17,9,8,0.0,0.0,0.0
POL,19,5,5,0.0,0.0,0.0
POL,16,1,1,0.0,0.0,0.0
POL,14,1,3,0.0,0.0,0.0
POL,19,5,5,0.0,0.0,0.0
POL,6,3,1,0.0,0.0,1.0
POL,16,10,6,0.0,0.0,0.0
POL,6,6,3,1.0,0.0,0.0
POL,20,12,6,0.0,0.0,0.0
POL,20,7,3,1.0,0.0,0.0
POL,16,4,8,0.0,1.0,0.0
POL,19,2,5,0.0,0.0,0.0
POL,15,2,1,0.0,0.0,0.0
POL,17,5,3,0.0,0.0,0.0
POL,19,1,5,0.0,0.0,0.0
POL,14,1,1,0.0,0.0,1.0
POL,19,12,4,0.0,0.0,0.0
POL,15,2,2,0.0,0.0,1.0
POL,19,12,4,0.0,0.0,0.0
POL,16,8,4,0.0,0.0,0.0
POL,16,5,3,0.0,0.0,0.0
POL,19,2,8,0.0,0.0,0.0
POL,14,3,5,0.0,0.0,0.0
POL,15,3,1,0.0,0.0,0.0
POL,16,8,2,1.0,0.0,0.0
POL,19,3,3,0.0,0.0,0.0
POL,16,2,1,0.0,0.0,1.0
POL,14,12,1,0.0,0.0,0.0
POL,14,12,6,0.0,0.0,0.0
POL,15,1,2,0.0,0.0,0.0
POL,14,8,3,0.0,0.0,0.0
POL,19,1,5,0.0,0.0,0.0
POL,16,1,1,1.0,0.0,0.0
POL,17,8,8,0.0,0.0,0.0
POL,19,6,5,0.0,0.0,0.0
POL,16,1,1,1.0,0.0,0.0
POL,16,7,8,0.0,0.0,0.0
POL,19,1,5,0.0,0.0,0.0
POL,6,3,1,0.0,0.0,0.0
POL,15,11,6,0.0,0.0,0.0
POL,16,1,2,0.0,0.0,0.0
POL,14,6,3,0.0,1.0,0.0
POL,19,2,5,0.0,0.0,0.0
POL,20,2,1,0.0,0.0,0.0
POL,6,1,2,1.0,0.0,0.0
POL,14,8,8,0.0,0.0,0.0
POL,19,2,5,0.0,0.0,0.0
POL,20,2,1,0.0,0.0,0.0
POL,20,1,2,1.0,0.0,0.0
POL,16,7,8,0.0,0.0,0.0
POL,19,5,5,0.0,0.0,0.0
POL,16,1,1,0.0,0.0,1.0
POL,16,10,6,0.0,0.0,0.0
POL,16,8,3,1.0,0.0,0.0
POL,17,8,8,0.0,0.0,0.0
POL,19,3,5,0.0,0.0,0.0
POL,20,2,1,0.0,0.0,0.0
POL,20,3,2,0.0,0.0,0.0
POL,16,6,3,0.0,0.0,0.0
POL,19,2,5,0.0,0.0,0.0
POL,14,1,1,0.0,0.0,1.0
POL,20,12,6,1.0,0.0,0.0
POL,14,4,8,0.0,1.0,0.0
POL,18,2,5,0.0,1.0,0.0
POL,14,1,1,0.0,0.0,1.0
POL,19,12,4,0.0,0.0,0.0
POL,6,3,2,0.0,0.0,0.0
POL,19,12,4,0.0,0.0,0.0
POL,17,1,3,1.0,0.0,0.0
POL,14,6,8,0.0,1.0,0.0
POL,19,2,5,0.0,1.0,0.0
POL,14,3,1,0.0,0.0,1.0
POL,23,10,6,0.0,0.0,0.0
POL,23,8,3,0.0,0.0,0.0
POL,17,4,3,0.0,0.0,0.0
POL,15,1,3,0.0,0.0,0.0
POL,16,1,2,0.0,0.0,0.0
POL,17,4,3,0.0,0.0,0.0
POL,19,2,5,0.0,0.0,0.0
POL,15,1,1,0.0,0.0,1.0
POL,23,10,6,1.0,0.0,0.0
POL,15,11,6,0.0,0.0,1.0
POL,15,11,6,0.0,0.0,1.0
POL,15,11,6,0.0,0.0,0.0
POL,19,2,3,1.0,0.0,0.0
POL,17,8,8,1.0,0.0,0.0
POL,17,5,8,1.0,0.0,0.0
POL,14,8,8,0.0,0.0,0.0
POL,19,5,5,0.0,0.0,0.0
POL,16,1,1,0.0,0.0,1.0
POL,6,11,6,0.0,0.0,0.0
POL,17,4,3,1.0,0.0,0.0
POL,16,7,8,0.0,1.0,0.0
POL,19,2,5,0.0,1.0,0.0
POL,20,2,1,0.0,0.0,1.0
POL,16,10,6,1.0,0.0,0.0
POL,17,8,8,0.0,1.0,0.0
POL,19,2,5,0.0,1.0,0.0
POL,16,2,1,0.0,0.0,1.0
POL,15,11,6,0.0,0.0,0.0
POL,20,3,2,0.0,0.0,0.0
POL,20,1,2,0.0,0.0,0.0
POL,19,6,3,0.0,0.0,0.0
POL,14,5,5,0.0,0.0,0.0
POL,16,1,1,0.0,0.0,1.0
POL,15,11,6,0.0,0.0,1.0
POL,15,11,6,1.0,0.0,0.0
POL,14,7,8,0.0,0.0,0.0
POL,16,13,3,0.0,0.0,0.0
POL,14,5,3,0.0,0.0,0.0
POL,20,3,2,0.0,0.0,1.0
POL,6,11,6,0.0,0.0,0.0
POL,6,11,6,0.0,0.0,0.0
POL,6,6,3,1.0,0.0,0.0
POL,17,9,8,0.0,1.0,0.0
POL,19,2,5,0.0,1.0,0.0
POL,6,3,1,1.0,0.0,0.0
POL,14,8,8,0.0,0.0,0.0
POL,19,8,5,0.0,0.0,0.0
POL,16,1,1,0.0,0.0,1.0
POL,16,10,6,0.0,0.0,0.0
POL,17,4,3,0.0,0.0,0.0
POL,16,4,3,0.0,0.0,0.0
POL,14,1,1,0.0,0.0,0.0
POL,17,1,3,0.0,0.0,0.0
POL,20,2,3,0.0,0.0,0.0
POL,6,3,3,0.0,0.0,0.0
POL,6,6,3,1.0,0.0,0.0
POL,16,6,8,0.0,0.0,0.0
POL,19,6,5,0.0,0.0,0.0
POL,6,3,1,0.0,0.0,1.0
POL,20,12,6,0.0,0.0,0.0
POL,15,3,2,1.0,0.0,0.0
POL,17,6,8,0.0,1.0,0.0
POL,19,2,5,0.0,1.0,0.0
POL,16,2,1,0.0,0.0,1.0
POL,19,12,4,0.0,0.0,0.0
POL,17,4,3,1.0,0.0,0.0
POL,19,2,5,0.0,1.0,0.0
POL,6,1,1,0.0,0.0,1.0
POL,14,12,6,0.0,0.0,0.0
POL,14,8,3,1.0,0.0,0.0
POL,15,11,6,0.0,0.0,0.0
POL,14,8,3,1.0,0.0,0.0
POL,6,11,6,1.0,0.0,0.0
POL,17,8,8,0.0,0.0,0.0
POL,19,6,5,0.0,0.0,0.0
POL,6,3,1,0.0,0.0,0.0
POL,20,1,2,1.0,0.0,0.0
POL,14,8,8,0.0,0.0,0.0
POL,19,13,3,0.0,0.0,0.0
POL,16,5,3,1.0,0.0,0.0
POL,17,5,3,0.0,0.0,0.0
POL,14,8,8,0.0,0.0,0.0
POL,19,6,5,0.0,0.0,0.0
POL,16,1,1,0.0,0.0,0.0
POL,16,10,6,0.0,0.0,0.0
POL,6,9,3,1.0,0.0,0.0
POL,17,8,8,0.0,0.0,0.0
POL,19,5,5,0.0,0.0,0.0
POL,14,1,1,0.0,0.0,1.0
POL,20,12,6,0.0,0.0,0.0
POL,20,12,6,0.0,0.0,0.0
POL,20,12,6,0.0,0.0,0.0
POL,15,2,2,0.0,0.0,1.0
POL,20,12,6,0.0,0.0,0.0
POL,6,6,3,1.0,0.0,0.0
POL,14,7,8,0.0,0.0,0.0
POL,19,2,5,0.0,0.0,0.0
POL,14,1,1,0.0,0.0,1.0
POL,15,1,3,0.0,0.0,0.0
POL,15,3,2,0.0,0.0,0.0
POL,17,5,3,1.0,0.0,0.0
POL,16,4,8,0.0,1.0,0.0
POL,19,2,5,0.0,0.0,0.0
POL,15,2,1,0.0,0.0,0.0
POL,19,2,3,1.0,0.0,0.0
POL,16,4,8,0.0,1.0,0.0
POL,19,2,5,0.0,0.0,0.0
POL,15,1,1,0.0,0.0,0.0
POL,6,1,3,1.0,0.0,0.0
POL,17,5,8,0.0,0.0,0.0
POL,19,2,5,0.0,0.0,0.0
POL,14,3,1,0.0,0.0,1.0
POL,23,10,6,0.0,0.0,0.0
POL,23,10,6,0.0,0.0,0.0
POL,16,2,2,1.0,0.0,0.0
POL,17,8,8,0.0,0.0,0.0
POL,19,6,5,0.0,0.0,0.0
POL,6,3,1,0.0,0.0,0.0
POL,20,1,2,0.0,0.0,0.0
POL,14,8,3,1.0,0.0,0.0
POL,14,8,8,0.0,0.0,0.0
POL,19,6,3,1.0,0.0,0.0
POL,15,11,6,0.0,0.0,0.0
POL,14,8,3,1.0,0.0,0.0
POL,17,9,8,0.0,1.0,0.0
POL,19,2,5,0.0,1.0,0.0
POL,20,2,1,0.0,0.0,1.0
POL,6,11,6,1.0,0.0,0.0
POL,16,10,6,0.0,0.0,0.0
POL,20,1,2,0.0,0.0,0.0
POL,5,5,3,0.0,0.0,0.0
POL,12,1,5,0.0,0.0,0.0
POL,14,1,1,0.0,0.0,0.0
POL,12,6,3,1.0,0.0,0.0
POL,14,4,8,0.0,0.0,0.0
POL,12,2,5,0.0,0.0,0.0
POL,16,2,1,0.0,0.0,0.0
POL,5,3,1,0.0,0.0,0.0
POL,20,2,3,0.0,1.0,0.0
POL,12,3,5,0.0,1.0,0.0
POL,20,2,1,0.0,0.0,1.0
POL,20,12,6,1.0,0.0,0.0
POL,16,8,8,0.0,0.0,0.0
POL,12,2,5,0.0,0.0,0.0
POL,14,1,1,0.0,0.0,0.0
POL,5,10,6,1.0,0.0,0.0
POL,17,6,8,0.0,0.0,0.0
POL,19,3,5,0.0,1.0,0.0
POL,6,1,1,0.0,0.0,1.0
POL,14,12,6,1.0,0.0,0.0
POL,17,8,8,1.0,0.0,0.0
POL,15,11,6,1.0,0.0,0.0
POL,14,8,8,0.0,1.0,0.0
POL,19,2,5,0.0,1.0,0.0
POL,16,1,1,0.0,0.0,1.0
POL,6,11,6,0.0,0.0,1.0
POL,6,11,6,1.0,0.0,0.0
POL,14,8,8,0.0,0.0,0.0
POL,19,6,5,0.0,0.0,0.0
POL,16,1,1,0.0,0.0,1.0
POL,16,10,6,0.0,0.0,0.0
POL,20,3,2,0.0,0.0,0.0
POL,210,3,2,0.0,0.0,0.0
POL,16,7,3,0.0,0.0,0.0
POL,19,4,5,0.0,0.0,0.0
POL,14,1,3,0.0,0.0,0.0
POL,20,3,2,0.0,0.0,0.0
POL,17,4,3,0.0,1.0,0.0
POL,19,2,5,0.0,0.0,0.0
POL,16,1,3,0.0,0.0,0.0
POL,20,1,2,0.0,0.0,0.0
POL,16,9,3,0.0,1.0,0.0
POL,19,2,5,0.0,0.0,0.0
POL,6,3,1,0.0,0.0,1.0
POL,16,10,6,0.0,0.0,0.0
POL,6,4,3,1.0,0.0,0.0
POL,17,8,8,0.0,0.0,0.0
POL,19,3,5,0.0,0.0,0.0
POL,16,2,1,1.0,0.0,0.0
POL,17,8,8,0.0,0.0,0.0
POL,19,13,5,0.0,0.0,0.0
POL,6,3,1,1.0,0.0,0.0
POL,16,8,8,1.0,0.0,0.0
POL,14,4,8,0.0,0.0,0.0
POL,19,5,5,0.0,0.0,0.0
POL,6,3,1,0.0,0.0,1.0
POL,20,12,6,0.0,0.0,0.0
POL,20,4,3,1.0,0.0,0.0
POL,16,8,8,0.0,0.0,0.0
POL,19,2,5,0.0,0.0,0.0
POL,19,12,4,0.0,0.0,0.0
POL,6,3,3,0.0,0.0,0.0
POL,19,2,5,0.0,0.0,0.0
POL,6,3,1,0.0,0.0,0.0
POL,14,1,3,0.0,0.0,0.0
POL,19,6,5,0.0,0.0,0.0
POL,14,1,1,0.0,0.0,1.0
POL,19,12,4,1.0,0.0,0.0
POL,16,6,8,0.0,0.0,0.0
POL,19,4,5,0.0,1.0,0.0
POL,15,2,1,0.0,0.0,0.0
POL,17,4,3,1.0,0.0,0.0
POL,16,4,8,0.0,0.0,0.0
POL,19,2,5,0.0,0.0,0.0
POL,6,1,1,0.0,0.0,0.0
POL,17,4,3,1.0,0.0,0.0
POL,16,4,8,0.0,0.0,0.0
POL,19,2,5,0.0,0.0,0.0
POL,6,1,1,0.0,0.0,1.0
POL,14,12,4,0.0,0.0,0.0
POL,14,7,3,1.0,0.0,0.0
POL,7,12,4,0.0,0.0,0.0
POL,7,4,3,0.0,0.0,0.0
POL,0,0,5,0.0,0.0,1.0
POL,7,12,1,0.0,0.0,0.0
POL,19,6,3,0.0,0.0,0.0
POL,14,5,5,0.0,0.0,0.0
POL,6,3,1,0.0,0.0,0.0
POL,19,6,3,0.0,0.0,0.0
POL,14,5,5,0.0,0.0,0.0
POL,16,1,1,0.0,0.0,1.0
POL,14,9,3,0.0,0.0,0.0
POL,16,1,1,0.0,0.0,0.0
POL,7,12,4,0.0,0.0,0.0
POL,20,2,2,1.0,0.0,0.0
POL,16,4,8,0.0,1.0,0.0
POL,19,2,5,0.0,1.0,0.0
POL,16,1,1,0.0,0.0,0.0
POL,17,4,3,0.0,0.0,0.0
POL,19,2,5,0.0,0.0,0.0
POL,16,1,1,0.0,0.0,0.0
POL,6,11,6,0.0,0.0,0.0
POL,14,8,3,1.0,0.0,0.0
POL,16,10,6,0.0,0.0,0.0
POL,20,2,2,0.0,0.0,0.0
POL,20,3,2,0.0,0.0,0.0
POL,20,3,2,0.0,0.0,0.0
POL,16,8,3,0.0,0.0,0.0
POL,19,2,5,0.0,0.0,0.0
POL,6,3,1,0.0,0.0,0.0
POL,19,3,2,1.0,0.0,0.0
POL,20,12,6,0.0,0.0,1.0
POL,20,12,6,0.0,0.0,0.0
POL,7,1,2,0.0,0.0,1.0
POL,20,12,6,0.0,0.0,0.0
POL,14,2,2,0.0,0.0,1.0
POL,20,12,6,0.0,0.0,0.0
POL,16,8,3,0.0,0.0,0.0
POL,19,2,5,0.0,0.0,0.0
POL,6,3,1,0.0,0.0,0.0
POL,20,12,6,0.0,0.0,0.0
POL,14,2,2,0.0,0.0,0.0
POL,20,12,6,0.0,0.0,0.0
POL,7,2,2,1.0,0.0,0.0
POL,16,8,8,0.0,1.0,0.0
POL,19,2,5,0.0,1.0,0.0
POL,6,3,1,0.0,0.0,1.0
POL,19,12,4,0.0,0.0,0.0
POL,19,6,3,1.0,0.0,0.0
POL,14,5,8,0.0,0.0,0.0
POL,17,8,5,0.0,0.0,0.0
POL,6,1,1,0.0,0.0,1.0
POL,14,12,6,1.0,0.0,0.0
POL,14,6,3,0.0,0.0,0.0
POL,19,2,5,0.0,0.0,0.0
POL,16,1,1,0.0,0.0,0.0
POL,14,12,6,0.0,0.0,0.0
POL,7,12,4,0.0,0.0,0.0
POL,20,2,2,1.0,0.0,0.0
POL,14,12,6,0.0,0.0,0.0
POL,7,1,2,0.0,0.0,0.0
POL,17,13,3,1.0,0.0,0.0
POL,17,8,8,1.0,0.0,0.0
POL,16,4,8,1.0,0.0,0.0
POL,17,4,8,0.0,1.0,0.0
POL,19,2,5,0.0,1.0,0.0
POL,6,2,1,0.0,0.0,1.0
POL,7,12,4,1.0,0.0,0.0
POL,20,5,8,0.0,1.0,0.0
POL,19,2,5,0.0,1.0,0.0
POL,20,2,1,0.0,0.0,1.0
POL,6,11,6,0.0,0.0,0.0
POL,19,3,2,1.0,0.0,0.0
POL,14,8,8,0.0,0.0,0.0
POL,17,13,3,0.0,0.0,0.0
POL,16,1,1,0.0,0.0,0.0
POL,20,2,3,0.0,0.0,0.0
POL,6,3,5,0.0,0.0,0.0
POL,16,1,1,0.0,0.0,0.0
POL,17,6,3,0.0,1.0,0.0
POL,19,2,5,0.0,0.0,0.0
POL,6,3,1,0.0,0.0,0.0
POL,19,3,3,1.0,0.0,0.0
POL,16,10,6,0.0,0.0,0.0
POL,14,1,3,1.0,0.0,0.0
POL,20,12,6,0.0,0.0,0.0
POL,7,2,3,1.0,0.0,0.0
POL,16,8,8,0.0,1.0,0.0
POL,19,2,5,0.0,0.0,0.0
POL,16,1,1,0.0,0.0,0.0
POL,16,1,3,1.0,0.0,0.0
POL,21,5,8,0.0,1.0,0.0
POL,19,3,5,0.0,0.0,0.0
POL,21,1,1,0.0,0.0,0.0
POL,17,2,3,1.0,0.0,0.0
POL,21,4,8,0.0,0.0,0.0
POL,19,1,5,0.0,0.0,0.0
POL,6,3,1,0.0,0.0,0.0
POL,16,8,8,0.0,0.0,0.0
POL,12,1,5,0.0,0.0,0.0
POL,7,2,1,0.0,0.0,0.0
POL,12,3,3,1.0,0.0,0.0
POL,12,12,4,0.0,0.0,0.0
POL,7,2,2,0.0,0.0,1.0
POL,12,12,4,0.0,0.0,0.0
POL,12,6,3,0.0,0.0,0.0
POL,17,2,5,0.0,0.0,0.0
POL,21,1,1,0.0,0.0,0.0
POL,21,1,2,0.0,0.0,0.0
POL,12,6,3,1.0,0.0,0.0
POL,16,7,8,0.0,0.0,0.0
POL,12,2,5,0.0,0.0,0.0
POL,7,1,1,0.0,0.0,1.0
POL,21,11,4,1.0,0.0,0.0
POL,17,7,8,0.0,0.0,0.0
POL,12,2,5,0.0,0.0,0.0
POL,5,3,1,0.0,0.0,1.0
POL,7,12,4,0.0,0.0,0.0
POL,12,5,3,1.0,0.0,0.0
POL,5,10,6,0.0,0.0,0.0
POL,17,4,3,0.0,0.0,0.0
POL,20,3,3,0.0,0.0,0.0
POL,5,6,1,0.0,0.0,0.0
POL,12,3,2,0.0,0.0,0.0
POL,21,8,3,1.0,0.0,0.0
POL,16,10,6,1.0,0.0,0.0
POL,17,7,8,0.0,0.0,0.0
POL,12,5,5,0.0,0.0,0.0
POL,21,1,1,0.0,0.0,0.0
POL,20,11,6,1.0,0.0,0.0
POL,12,2,5,0.0,0.0,0.0
POL,5,3,1,0.0,0.0,1.0
POL,12,12,4,0.0,0.0,0.0
POL,21,1,2,1.0,0.0,0.0
POL,10,7,8,0.0,0.0,0.0
POL,12,2,5,0.0,0.0,0.0
POL,5,1,1,0.0,0.0,0.0
POL,21,3,3,1.0,0.0,0.0
POL,21,6,8,1.0,0.0,0.0
POL,21,6,8,0.0,0.0,0.0
POL,12,1,5,0.0,0.0,0.0
POL,7,2,1,0.0,0.0,1.0
POL,21,11,6,1.0,0.0,0.0
POL,17,7,8,0.0,0.0,0.0
POL,12,6,5,0.0,0.0,0.0
POL,10,1,1,0.0,0.0,0.0
